{
	"clubList":[
		{
			"url":"/static/clubLogo/soc_club.png",
			"name":"足球协会",
			"tel":"QQ群1145141919810",
			"intro":"以球会友，享受快乐足球，足协以系足球队为平台，组织相关的足球活动和联谊，丰富同学们的课余生活。"
		},
		{
			"url":"/static/clubLogo/acm_club.png",
			"name":"ACM社团",
			"tel":"QQ群1145141919811",
			"intro":"我们深知比赛不易，我们从未掉以轻心，我们殚精竭虑，苦心孤诣。我们诚挚地邀请对编程感兴趣的同学加入我们，与我们一起脚踏实地，仰望星空。"
		},
		{
			"url":"/static/clubLogo/guitar_club.png",
			"name":"吉他协会",
			"tel":"QQ群1145141919812",
			"intro":"在我们的校园活跃者这样一群年轻人，他们摆弄着乐器。他们执着的坚持，感染者周围的每一个人，他们就是吉他社团。"
		},
		{
			"url":"/static/clubLogo/en_club.png",
			"name":"英语沙龙协会",
			"tel":"QQ群1145141919813",
			"intro":"“激情，梦想，腾飞”是英语沙龙社团永恒的主题，我们将帮助每一个有英语梦想的同学展开双翼，我们将为你铸就飞翔的蓝天。"
		},
		{
			"url":"/static/clubLogo/volun_club.jpg",
			"name":"志愿者协会",
			"tel":"QQ群1145141919814",
			"intro":"青年志愿者协会是贵州轻工职业技术学院第一大社团，“爱心沟通你我，真情洋溢校园。”志愿者协会携你有爱之手，共架爱心长桥。"
		}
	]
}