{
	"right_list":[
		{
			"name":"常用",
			"list":[
				{"label":"校园报警电话","number":"(023)65100110"},
				{"label":"心理咨询中心","number":"(023)65101510"},
				{"label":"校园网服务","number":"(023)65191510"},
				{"label":"维修中心","number":"(023)64101510"},
				{"label":"急救中心","number":"(023)65191410"},
				{"label":"校车中心","number":"(023)63101510"}
			]
		},
		{
			"name":"教务处",
			"list":[
				{"label":"综合科","number":"(023)65100110"},
				{"label":"招生办公室","number":"(023)65101510"},
				{"label":"学籍管理中心","number":"(023)64101510"},
				{"label":"成绩管理中心","number":"(023)65101910"},
				{"label":"教务科","number":"(073)65101510"},
				{"label":"实践教学科","number":"(024)95101510"}
			]
		},
		{
			"name":"机关部处",
			"list":[
				{"label":"党委办公室","number":"(023)65101515"},
				{"label":"校长办公室","number":"(023)75201515"},
				{"label":"党委组织部","number":"65101510"},
				{"label":"党委宣传部","number":"94101510"},
				{"label":"纪委办公室","number":"(023)25101510"},
				{"label":"党委学生工作部","number":"(024)15101510"}
			]
		},
		{
			"name":"直属单位",
			"list":[
				{"label":"图书馆","number":"(023)78901515"},
				{"label":"档案馆","number":"(023)75278915"},
				{"label":"信息化办公室","number":"(023)65101510"},
				{"label":"社区工作办公室","number":"(333)65101510"},
				{"label":"出版社","number":"(083)65101510"},
				{"label":"校医院","number":"(043)65101510"}
			]
		},
		{
			"name":"人文学部",
			"list":[
				{"label":"外国语学院","number":"(023)64105515"},
				{"label":"艺术学院","number":"(923)75321515"},
				{"label":"体育学院","number":"(723)65101510"},
				{"label":"美视电影学院","number":"(823)65101510"},
				{"label":"国际学院","number":"(223)65101510"},
				{"label":"弘深学院","number":"(323)65101510"}
			]
		},
		{
			"name":"理学部",
			"list":[
				{"label":"数学与统计学院","number":"(023)66100110"},
				{"label":"物理学院","number":"675101510"},
				{"label":"化学化工学院","number":"5101510"},
				{"label":"生命科学学院","number":"88101510"},
				{"label":"现代物理中心","number":"445101510"},
				{"label":"分析测试中心","number":"565101510"}
			]
		},
		{
			"name":"工程学部",
			"list":[
				{"label":"机械工程学院","number":"2265100110"},
				{"label":"电器工程学院","number":"(623)65101510"},
				{"label":"能源与动力工程学院","number":"(123)45101510"},
				{"label":"资源与安全学院","number":"(013)63101510"},
				{"label":"材料科学与工程学院","number":"(623)65801510"},
				{"label":"航空航天学院","number":"(028)45101510"}
			]
		},
		{
			"name":"建筑学部",
			"list":[
				{"label":"建筑城规","number":"(013)65100110"},
				{"label":"土木工程","number":"(523)64101510"},
				{"label":"环境中心","number":"(923)65121510"},
				{"label":"生态学院","number":"(423)63101510"},
				{"label":"管理科学","number":"(323)95101510"},
				{"label":"房地产学院","number":"(823)85101510"},
				{"label":"建筑部","number":"(723)64101510"}
			]
		},
		{
			"name":"信息学部",
			"list":[
				{"label":"光电工程","number":"4465100110"},
				{"label":"微电子与通信工程","number":"8865101510"},
				{"label":"计算机学院","number":"4465101510"},
				{"label":"自动化学院","number":"2265101510"},
				{"label":"大数据与软件学院","number":"2265101510"},
				{"label":"ICT中心","number":"3365101510"}
			]
		},
		{
			"name":"医学部",
			"list":[
				{"label":"综合科","number":"465100110"},
				{"label":"医学研究院","number":"8865101510"},
				{"label":"药学","number":"(023)65101510"},
				{"label":"生物工程","number":"(023)65101510"},
				{"label":"附属医院","number":"(023)65101510"},
				{"label":"校医院","number":"(023)65101510"}
			]
		}

	]
}